Symbol,Company Name,Security Price,Volume (90 Day Avg),Market Capitalization,Dividend Yield,Company Headquarters Location,Sector,Industry,Optionable
NVDA,NVIDIA Corporation,164.28259,250.14943,$4.02T,0.02425,United States of America,Information Technology,Semiconductors & Semiconductor Equipment,Yes (Option Chain)
MSFT,Microsoft Corp,503.1494,22.64314,$3.74T,0.65962,United States of America,Information Technology,Software,Yes (Option Chain)
AAPL,Apple Inc,208.71,59.77286,$3.15T,0.49252,United States of America,Information Technology,"Technology Hardware, Storage & Peripherals",Yes (Option Chain)
AMZN,Amazon.com Inc,225.2917,48.29217,$2.39T,,United States of America,Consumer Discretionary,Broadline Retail,Yes (Option Chain)
META,Meta Platforms Inc,720.2499,15.91223,$1.80T,0.29268,United States of America,Communication Services,Interactive Media & Services,No
AVGO,Broadcom Inc,275.4,27.88746,$1.29T,0.86012,United States of America,Information Technology,Semiconductors & Semiconductor Equipment,Yes (Option Chain)
GOOGL,Alphabet Inc,181.68,39.91362,$1.20T,0.46617,United States of America,Communication Services,Interactive Media & Services,Yes (Option Chain)
TSM,Taiwan Semiconductor Manufacturing Co Ltd,228.925,14.73441,$1.19T,1.25379,Taiwan,Information Technology,Semiconductors & Semiconductor Equipment,Yes (Option Chain)
TSLA,Tesla Inc,316.47,122.33838,$1.01T,,United States of America,Consumer Discretionary,Automobiles,Yes (Option Chain)
GOOG,Alphabet Inc,182.85,26.51463,$989.77B,0.46329,United States of America,Communication Services,Interactive Media & Services,Yes (Option Chain)
JPM,JPMorgan Chase & Co,288.5,10.64862,$797.21B,1.95217,United States of America,Financials,Banks,Yes (Option Chain)
WMT,Walmart Inc,95.69,20.78399,$753.35B,0.99576,United States of America,Consumer Staples,Consumer Staples Distribution & Retail,Yes (Option Chain)
LLY,Eli Lilly and Co,798.314,3.84425,$751.56B,0.75661,United States of America,Health Care,Pharmaceuticals,Yes (Option Chain)
V,Visa Inc,350.9822,6.95649,$674.69B,0.6783,United States of America,Financials,Financial Services,Yes (Option Chain)
ORCL,Oracle Corp,229.3355,12.61039,$647.60B,0.86745,United States of America,Information Technology,Software,Yes (Option Chain)
BRK/B,Berkshire Hathaway Inc,476.825,5.27163,$639.00B,,United States of America,Financials,Financial Services,Yes (Option Chain)
NFLX,Netflix Inc,1262.46,4.32557,$529.88B,,United States of America,Communication Services,Entertainment,Yes (Option Chain)
MA,Mastercard Inc,553.6217,2.98619,$499.59B,0.55255,United States of America,Financials,Financial Services,Yes (Option Chain)
XOM,Exxon Mobil Corp,113.8,17.90413,$497.50B,3.43065,United States of America,Energy,"Oil, Gas & Consumable Fuels",Yes (Option Chain)
COST,Costco Wholesale Corp,979.15,2.35528,$430.32B,0.5359,United States of America,Consumer Staples,Consumer Staples Distribution & Retail,Yes (Option Chain)
BRK/A,Berkshire Hathaway Inc,715602.7813,0.00088,$387.07B,,United States of America,Financials,Financial Services,No
JNJ,Johnson & Johnson,156.655,8.90062,$377.51B,3.31421,United States of America,Health Care,Pharmaceuticals,Yes (Option Chain)
PG,Procter & Gamble Co (The),153.9783,8.67425,$368.21B,2.69163,United States of America,Consumer Staples,Household Products,Yes (Option Chain)
HD,Home Depot Inc. (The),369.775,3.70793,$368.19B,2.48602,United States of America,Consumer Discretionary,Specialty Retail,Yes (Option Chain)
BAC,Bank of America Corp,46.9817,46.7944,$351.96B,2.22555,United States of America,Financials,Banks,Yes (Option Chain)
SAP,SAP SE,301.02,1.40102,$350.97B,0.87413,Germany,Information Technology,Software,Yes (Option Chain)
ABBV,AbbVie Inc,191.705,7.46439,$339.94B,3.40868,United States of America,Health Care,Biotechnology,Yes (Option Chain)
PLTR,Palantir Technologies Inc,149.39,97.52069,$335.34B,,United States of America,Information Technology,Software,Yes (Option Chain)
ASML,ASML Holding NV,805.49,1.55113,$315.39B,0.86613,Netherlands,Information Technology,Semiconductors & Semiconductor Equipment,Yes (Option Chain)
KO,Coca-Cola Co (The),69.385,17.54982,$300.74B,2.91971,United States of America,Consumer Staples,Beverages,Yes (Option Chain)
PM,Philip Morris International Inc,180.5,5.97652,$280.03B,3.0015,United States of America,Consumer Staples,Tobacco,Yes (Option Chain)
UNH,UnitedHealth Group Incorporated,299.92,13.85169,$275.86B,2.90694,United States of America,Health Care,Health Care Providers & Services,Yes (Option Chain)
GE,GE Aerospace,261.81,6.52499,$272.38B,0.56378,United States of America,Industrials,Aerospace & Defense,Yes (Option Chain)
CVX,Chevron Corp,151.43,9.73584,$271.23B,4.4041,United States of America,Energy,"Oil, Gas & Consumable Fuels",Yes (Option Chain)
CSCO,Cisco Systems Inc,67.645,22.64636,$269.08B,2.41354,United States of America,Information Technology,Communications Equipment,Yes (Option Chain)
WFC,Wells Fargo & Co,83.3883,18.08383,$268.63B,1.93822,United States of America,Financials,Banks,Yes (Option Chain)
IBM,International Business Machines Corp,283.725,4.41399,$263.57B,2.36962,United States of America,Information Technology,IT Services,Yes (Option Chain)
TMUS,T-Mobile US Inc,228.205,4.58018,$258.61B,1.54549,United States of America,Communication Services,Wireless Telecommunication Services,Yes (Option Chain)
BABA,Alibaba Group Holding Ltd,108.215,19.08464,$254.66B,0.98388,China,Consumer Discretionary,Broadline Retail,Yes (Option Chain)
CRM,SALESFORCE INC,259.49,7.46065,$246.71B,0.64479,United States of America,Information Technology,Software,Yes (Option Chain)
AMD,Advanced Micro Devices Inc,146.3101,43.88788,$237.41B,,United States of America,Information Technology,Semiconductors & Semiconductor Equipment,Yes (Option Chain)
NVS,Novartis AG,121.0347,1.97145,$237.11B,3.30027,Switzerland,Health Care,Pharmaceuticals,Yes (Option Chain)
NVO,Novo Nordisk A/S,68.805,9.36762,$231.88B,2.40746,Denmark,Health Care,Pharmaceuticals,Yes (Option Chain)
ABT,Abbott Laboratories,132.49,6.80472,$229.69B,1.78761,United States of America,Health Care,Health Care Equipment & Supplies,Yes (Option Chain)
MS,Morgan Stanley,143.64,7.15356,$228.26B,2.60051,United States of America,Financials,Capital Markets,Yes (Option Chain)
AXP,American Express Co,320.57,3.25737,$223.82B,1.0267,United States of America,Financials,Consumer Finance,Yes (Option Chain)
TM,Toyota Motor Corp,171.8414,0.43191,$221.91B,3.55792,Japan,Consumer Discretionary,Automobiles,Yes (Option Chain)
LIN,Linde Plc,468.41,2.1731,$220.68B,1.27984,United Kingdom,Materials,Chemicals,Yes (Option Chain)
AZN,Astrazeneca PLC,71.825,5.21388,$220.60B,2.17911,United Kingdom,Health Care,Pharmaceuticals,Yes (Option Chain)
GS,Goldman Sachs Group Inc (The),711.7,2.71891,$216.31B,1.70225,United States of America,Financials,Capital Markets,Yes (Option Chain)
DIS,Walt Disney Co (The),120.0635,10.80164,$215.50B,0.83424,United States of America,Communication Services,Entertainment,Yes (Option Chain)
HSBC,HSBC Holdings PLC,62.48,2.07789,$215.42B,5.34759,United Kingdom,Financials,Banks,Yes (Option Chain)
MCD,McDonald's Corp,301.82,3.7617,$214.45B,2.36071,United States of America,Consumer Discretionary,"Hotels, Restaurants & Leisure",Yes (Option Chain)
SHEL,Shell Plc,71.2383,5.22944,$213.28B,3.88382,United Kingdom,Energy,"Oil, Gas & Consumable Fuels",No
MRK,Merck & Co Inc,83.7,16.69513,$209.32B,3.88676,United States of America,Health Care,Pharmaceuticals,Yes (Option Chain)
INTU,Intuit Inc.,753.3497,1.76598,$208.62B,0.55622,United States of America,Information Technology,Software,Yes (Option Chain)
TXN,Texas Instruments Inc,219.7047,7.53998,$201.00B,2.45876,United States of America,Information Technology,Semiconductors & Semiconductor Equipment,Yes (Option Chain)
UBER,Uber Technologies Inc,93.675,20.94469,$199.48B,,United States of America,Industrials,Ground Transportation,Yes (Option Chain)
BX,Blackstone Inc,163.21,4.75102,$196.54B,3.01235,United States of America,Financials,Capital Markets,Yes (Option Chain)
RTX,RTX Corp,149.43,5.62385,$196.21B,1.85198,United States of America,Industrials,Aerospace & Defense,Yes (Option Chain)
NOW,ServiceNow Inc,959.18,1.71593,$194.47B,,United States of America,Information Technology,Software,Yes (Option Chain)
HDB,HDFC Bank Limited,75.22,2.76052,$194.28B,1.01992,India,Financials,Banks,Yes (Option Chain)
T,AT&T Inc,27.125,37.74443,$194.07B,4.11568,United States of America,Communication Services,Diversified Telecommunication Services,Yes (Option Chain)
CAT,Caterpillar Inc,406.24,2.81277,$190.91B,1.48798,United States of America,Industrials,Machinery,Yes (Option Chain)
BKNG,Booking Holdings Inc,5740.15,0.25416,$186.03B,0.67167,United States of America,Consumer Discretionary,"Hotels, Restaurants & Leisure",Yes (Option Chain)
RY,Royal Bank of Canada,131.76,1.22805,$185.85B,3.4149,Canada,Financials,Banks,Yes (Option Chain)
PEP,PepsiCo Inc,135.47,8.94154,$185.45B,4.20671,United States of America,Consumer Staples,Beverages,Yes (Option Chain)
ISRG,Intuitive Surgical Inc,517.475,2.07894,$183.53B,,United States of America,Health Care,Health Care Equipment & Supplies,Yes (Option Chain)
BLK,BlackRock Inc,1107.775,0.76681,$180.04B,1.89173,United States of America,Financials,Capital Markets,Yes (Option Chain)
VZ,Verizon Communications Inc,41.625,21.80193,$175.48B,6.51129,United States of America,Communication Services,Diversified Telecommunication Services,Yes (Option Chain)
ACN,Accenture PLC,279.195,3.60649,$175.06B,2.10631,Ireland,Information Technology,IT Services,Yes (Option Chain)
BA,Boeing Co,230.94,9.20513,$171.04B,,United States of America,Industrials,Aerospace & Defense,Yes (Option Chain)
QCOM,QUALCOMM Inc.,154.2229,8.64652,$170.53B,2.26089,United States of America,Information Technology,Semiconductors & Semiconductor Equipment,Yes (Option Chain)
SCHW,Schwab (Charles) Corp,92.59,9.41991,$167.11B,1.1743,United States of America,Financials,Capital Markets,Yes (Option Chain)
TMO,Thermo Fisher Scientific Inc,425.385,2.57261,$164.16B,0.39553,United States of America,Health Care,Life Sciences Tools & Services,Yes (Option Chain)
C,Citigroup Inc,87.2983,15.74705,$161.99B,2.58273,United States of America,Financials,Banks,Yes (Option Chain)
SPGI,S&P Global Inc,530.09,1.29589,$161.65B,0.72856,United States of America,Financials,Capital Markets,Yes (Option Chain)
AMAT,Applied Materials Inc,196.725,7.61551,$158.84B,0.92962,United States of America,Information Technology,Semiconductors & Semiconductor Equipment,Yes (Option Chain)
AMGN,Amgen Inc,296.12,2.97348,$158.77B,3.22417,United States of America,Health Care,Biotechnology,Yes (Option Chain)
MUFG,Mitsubishi UFJ Financial Group Inc,13.6383,7.85535,$156.34B,3.17889,Japan,Financials,Banks,Yes (Option Chain)
ARM,Arm Holdings plc,144.5,5.15484,$154.59B,,United Kingdom,Information Technology,Semiconductors & Semiconductor Equipment,No
ADBE,Adobe Inc,366.82,4.03565,$154.13B,,United States of America,Information Technology,Software,Yes (Option Chain)
NEE,NextEra Energy Inc,75.07,12.96486,$153.16B,3.0457,United States of America,Utilities,Electric Utilities,Yes (Option Chain)
BSX,Boston Scientific Corp,104.38,8.15341,$152.68B,,United States of America,Health Care,Health Care Equipment & Supplies,Yes (Option Chain)
HON,Honeywell International Inc,238.59,4.13082,$151.63B,1.91582,United States of America,Industrials,Industrial Conglomerates,Yes (Option Chain)
UL,Unilever PLC,61.005,2.52787,$149.04B,3.19181,United Kingdom,Consumer Staples,Personal Care Products,Yes (Option Chain)
PDD,PDD Holdings Inc,102.33,9.47339,$148.94B,,Ireland,Consumer Discretionary,Broadline Retail,Yes (Option Chain)
SYK,Stryker Corp,391.49,1.48729,$148.84B,0.86273,United States of America,Health Care,Health Care Equipment & Supplies,Yes (Option Chain)
GEV,GE Vernova Inc,554.2401,3.62789,$147.16B,0.18547,United States of America,Industrials,Electrical Equipment,No
DHR,Danaher Corp,197.86,4.05234,$146.60B,0.62485,United States of America,Health Care,Life Sciences Tools & Services,Yes (Option Chain)
SONY,Sony Group Corporation,24.3833,6.10477,$146.56B,1.64464,Japan,Consumer Discretionary,Household Durables,No
PFE,Pfizer Inc,25.355,48.98421,$145.83B,6.70565,United States of America,Health Care,Pharmaceuticals,Yes (Option Chain)
SHOP,Shopify Inc,116.49,11.80701,$145.45B,,Canada,Information Technology,IT Services,Yes (Option Chain)
SPOT,Spotify Technology SA,715.17,2.35329,$145.17B,,Luxembourg,Communication Services,Entertainment,Yes (Option Chain)
PGR,Progressive Corp (The),246.58,3.48218,$143.61B,0.16328,United States of America,Financials,Insurance,Yes (Option Chain)
ETN,Eaton Corporation plc,359.57,2.93081,$141.11B,1.15357,Ireland,Industrials,Electrical Equipment,Yes (Option Chain)
COF,Capital One Financial Corp,220.48,5.05611,$140.70B,1.09195,United States of America,Financials,Consumer Finance,Yes (Option Chain)
UNP,Union Pacific Corp,233.45,3.12928,$140.47B,2.27988,United States of America,Industrials,Ground Transportation,Yes (Option Chain)
TTE,TotalEnergies SE,62.31,1.78529,$139.92B,5.61931,France,Energy,"Oil, Gas & Consumable Fuels",No
MU,Micron Technology Inc.,118.73,23.72647,$139.36B,0.36939,United States of America,Information Technology,Semiconductors & Semiconductor Equipment,Yes (Option Chain)
DE,DEERE & COMPANY,507.08,1.32244,$138.77B,1.26461,United States of America,Industrials,Machinery,Yes (Option Chain)
TJX,TJX Companies Inc (The),123.4447,5.77565,$138.01B,1.37418,United States of America,Consumer Discretionary,Specialty Retail,Yes (Option Chain)
GILD,Gilead Sciences Inc,111.9665,9.26429,$136.38B,2.88216,United States of America,Health Care,Biotechnology,Yes (Option Chain)
ANET,Arista Networks Inc,108.285,10.8259,$136.36B,,United States of America,Information Technology,Communications Equipment,Yes (Option Chain)
BHP,BHP Group Ltd,51.8883,3.21115,$132.15B,4.7619,Australia,Materials,Metals & Mining,Yes (Option Chain)
CMCSA,Comcast Corp,35.595,23.85979,$130.64B,3.77251,United States of America,Communication Services,Media,Yes (Option Chain)
LRCX,Lam Research Corp,99.5883,11.62771,$130.12B,0.90435,United States of America,Information Technology,Semiconductors & Semiconductor Equipment,Yes (Option Chain)
SAN,Banco Santander SA,8.4983,6.44348,$126.89B,2.75919,Spain,Financials,Banks,Yes (Option Chain)
TD,Toronto-Dominion Bank (The),73.945,2.04559,$126.63B,4.17892,Canada,Financials,Banks,Yes (Option Chain)
KKR,KKR & Co Inc,139.47,5.48841,$125.63B,0.52464,United States of America,Financials,Capital Markets,Yes (Option Chain)
LOW,Lowe's Cos Inc,222.42,2.75354,$125.61B,2.14161,United States of America,Consumer Discretionary,Specialty Retail,Yes (Option Chain)
PANW,Palo Alto Networks Inc,190.638,5.19873,$124.95B,,United States of America,Information Technology,Software,Yes (Option Chain)
ADP,Automatic Data Processing Inc,303.145,1.86519,$122.85B,2.03535,United States of America,Industrials,Professional Services,Yes (Option Chain)
SNY,Sanofi,48.5183,2.67585,$122.80B,4.51621,France,Health Care,Pharmaceuticals,Yes (Option Chain)
KLAC,KLA Corp,919.83,1.20018,$122.27B,0.82199,United States of America,Information Technology,Semiconductors & Semiconductor Equipment,Yes (Option Chain)
MSTR,MicroStrategy Inc,450.73,15.54906,$122.10B,,United States of America,Information Technology,Software,Yes (Option Chain)
ADI,Analog Devices Inc,243.335,4.09608,$121.42B,1.61847,United States of America,Information Technology,Semiconductors & Semiconductor Equipment,Yes (Option Chain)
BUD,Anheuser-Busch InBev SA/NV,67.675,2.3929,$121.31B,1.67137,Belgium,Consumer Staples,Beverages,Yes (Option Chain)
MELI,MercadoLibre Inc,2382.085,0.41274,$121.04B,,Uruguay,Consumer Discretionary,Broadline Retail,Yes (Option Chain)
COP,Conocophillips,93.92,9.19009,$120.70B,3.26326,United States of America,Energy,"Oil, Gas & Consumable Fuels",Yes (Option Chain)
VRTX,Vertex Pharmaceuticals Inc,471.895,1.58851,$120.40B,,United States of America,Health Care,Biotechnology,Yes (Option Chain)
APH,Amphenol Corp,100.3383,8.65067,$119.46B,0.66829,United States of America,Information Technology,"Electronic Equipment, Instruments & Components",Yes (Option Chain)
UBS,UBS Group AG,35.6389,3.40778,$119.26B,2.53458,Switzerland,Financials,Capital Markets,Yes (Option Chain)
CRWD,CrowdStrike Holdings Inc,474.95,4.16034,$119.25B,,United States of America,Information Technology,Software,Yes (Option Chain)
IBN,ICICI Bank Ltd,33.1883,5.18884,$118.69B,0.77112,India,Financials,Banks,Yes (Option Chain)
MDT,Medtronic PLC,89.71,7.97926,$115.21B,3.15836,Ireland,Health Care,Health Care Equipment & Supplies,Yes (Option Chain)
APP,AppLovin Corporation,355.4697,7.79844,$113.39B,,United States of America,Information Technology,Software,No
BTI,British American Tobacco PLC,51.3325,6.34491,$112.29B,5.9594,United Kingdom,Consumer Staples,Tobacco,Yes (Option Chain)
CB,Chubb Ltd,279.72,1.76331,$111.42B,1.39543,Switzerland,Financials,Insurance,Yes (Option Chain)
LMT,Lockheed Martin Corp,474.065,1.60037,$109.54B,2.82347,United States of America,Industrials,Aerospace & Defense,Yes (Option Chain)
SBUX,Starbucks Corp,93.41,10.74587,$107.89B,2.57004,United States of America,Consumer Discretionary,"Hotels, Restaurants & Leisure",Yes (Option Chain)
NKE,NIKE Inc,72.2983,20.13358,$107.20B,2.20295,United States of America,Consumer Discretionary,"Textiles, Apparel & Luxury Goods",Yes (Option Chain)
MMC,Marsh & McLennan Companies Inc,213.66,2.241,$104.33B,1.7002,United States of America,Financials,Insurance,Yes (Option Chain)
BN,Brookfield Corp,63.78,2.7962,$104.09B,0.56998,Canada,Financials,Capital Markets,No
ICE,Intercontinental Exchange Inc,181.62,3.04822,$103.55B,1.06365,United States of America,Financials,Capital Markets,Yes (Option Chain)
AMT,American Tower Corp,221.71,2.85449,$102.63B,3.10162,United States of America,Real Estate,Specialized REITs,Yes (Option Chain)
INTC,Intel Corp,23.2583,93.23461,$102.20B,2.13402,United States of America,Information Technology,Semiconductors & Semiconductor Equipment,Yes (Option Chain)
DASH,DoorDash Inc,241.9556,5.62727,$101.89B,,United States of America,Consumer Discretionary,"Hotels, Restaurants & Leisure",Yes (Option Chain)
SO,Southern Co (The),92.71,5.15906,$101.84B,3.19447,United States of America,Utilities,Electric Utilities,Yes (Option Chain)
WELL,Welltower Inc,157.9458,3.22972,$101.47B,1.72725,United States of America,Real Estate,Health Care REITs,Yes (Option Chain)
PLD,Prologis Inc,109.13,4.91722,$101.30B,3.70065,United States of America,Real Estate,Industrial REITs,Yes (Option Chain)
CEG,Constellation Energy Corp,325.125,3.56587,$100.78B,0.48243,United States of America,Utilities,Electric Utilities,No
CME,CME Group Inc,276.9544,2.65433,$99.13B,1.81765,United States of America,Financials,Capital Markets,Yes (Option Chain)
IBKR,Interactive Brokers Group Inc,59.4,7.36364,$99.05B,0.54608,United States of America,Financials,Capital Markets,Yes (Option Chain)
COIN,COINBASE GLOBAL INC,392.91,12.03971,$98.59B,,United States of America,Financials,Capital Markets,No
RELX,RELX PLC,53.915,0.82841,$98.43B,1.57001,United Kingdom,Industrials,Professional Services,No
TT,Trane Technologies plc,439.26,1.47302,$97.57B,0.85943,Ireland,Industrials,Building Products,Yes (Option Chain)
MO,Altria Group Inc,58.0017,10.02476,$97.36B,7.05882,United States of America,Consumer Staples,Tobacco,Yes (Option Chain)
ENB,Enbridge Inc,45.115,3.82357,$97.14B,6.06254,Canada,Energy,"Oil, Gas & Consumable Fuels",Yes (Option Chain)
SMFG,Sumitomo Mitsui Financial Group Inc,14.845,1.96722,$95.76B,2.74073,Japan,Financials,Banks,Yes (Option Chain)
BMY,Bristol-Myers Squibb Co,47.4017,14.51974,$95.36B,5.29236,United States of America,Health Care,Pharmaceuticals,Yes (Option Chain)
RCL,Royal Caribbean Group,341.45,2.66988,$91.93B,0.88624,United States of America,Consumer Discretionary,"Hotels, Restaurants & Leisure",Yes (Option Chain)
BAM,Brookfield Asset Management Ltd,56.87,2.42862,$91.90B,3.11832,United States of America,Financials,Capital Markets,Yes (Option Chain)
FI,Fiserv Inc.,167.76,4.65758,$91.77B,,United States of America,Financials,Financial Services,Yes (Option Chain)
PH,Parker-Hannifin Corp,711.58,0.81019,$91.35B,1.00712,United States of America,Industrials,Machinery,Yes (Option Chain)
DUK,Duke Energy Corp,117.82,3.79515,$91.30B,3.55866,United States of America,Utilities,Electric Utilities,Yes (Option Chain)
WM,Waste Management Inc.,229.2,1.76349,$90.95B,1.46011,United States of America,Industrials,Commercial Services & Supplies,Yes (Option Chain)
HCA,HCA Healthcare Inc,379.91,1.52992,$90.47B,0.76581,United States of America,Health Care,Health Care Providers & Services,Yes (Option Chain)
MCO,Moody's Corp.,503.3,0.79648,$89.87B,0.75271,United States of America,Financials,Capital Markets,Yes (Option Chain)
TRI,Thomson Reuters Corp,214.14,0.57833,$89.72B,1.19496,Canada,Industrials,Professional Services,Yes (Option Chain)
MCK,McKesson Corp,715.29,0.96978,$88.63B,0.40023,United States of America,Health Care,Health Care Providers & Services,Yes (Option Chain)
SE,Sea Limited,151.01,4.95461,$87.77B,,Singapore,Communication Services,Entertainment,Yes (Option Chain)
CDNS,Cadence Design Systems Inc,317.35,2.1321,$87.54B,,United States of America,Information Technology,Software,Yes (Option Chain)
RACE,Ferrari NV,487.59,0.42104,$87.44B,0.6886,Italy,Consumer Discretionary,Automobiles,Yes (Option Chain)
CTAS,Cintas Corp,216.61,1.72996,$86.99B,0.7241,United States of America,Industrials,Commercial Services & Supplies,Yes (Option Chain)
MDLZ,Mondelez International Inc,67.525,8.41734,$86.99B,2.79845,United States of America,Consumer Staples,Food Products,Yes (Option Chain)
HOOD,Robinhood Markets Inc,99.6833,47.08269,$86.78B,,United States of America,Financials,Capital Markets,No
SNPS,Synopsys Inc,548.88,1.34766,$86.78B,,United States of America,Information Technology,Software,Yes (Option Chain)
SHW,Sherwin-Williams Co (The),344.555,1.73062,$86.69B,0.91348,United States of America,Materials,Chemicals,Yes (Option Chain)
TDG,TransDigm Group Inc,1573.35,0.28734,$86.67B,,United States of America,Industrials,Aerospace & Defense,Yes (Option Chain)
BBVA,Banco Bilbao Vizcaya Argentaria SA,15.1183,2.52076,$86.50B,5.14937,Spain,Financials,Banks,Yes (Option Chain)
BP,BP plc,32.0183,11.68231,$86.34B,5.88235,United Kingdom,Energy,"Oil, Gas & Consumable Fuels",Yes (Option Chain)
DELL,Dell Technologies Inc,125.49,7.05253,$86.10B,1.65576,United States of America,Information Technology,"Technology Hardware, Storage & Peripherals",Yes (Option Chain)
UPS,United Parcel Service Inc,100.1,5.81718,$85.76B,6.47773,United States of America,Industrials,Air Freight & Logistics,Yes (Option Chain)
APO,Apollo Global Management Inc,148.415,3.87126,$84.11B,1.38606,United States of America,Financials,Financial Services,Yes (Option Chain)
MMM,3M Co,157.835,3.66974,$83.87B,1.87372,United States of America,Industrials,Industrial Conglomerates,Yes (Option Chain)
ABNB,Airbnb Inc,138.35,5.47083,$83.54B,,United States of America,Consumer Discretionary,"Hotels, Restaurants & Leisure",Yes (Option Chain)
CVS,CVS Health Corp,64.4535,9.21346,$81.95B,4.10621,United States of America,Health Care,Health Care Providers & Services,Yes (Option Chain)
BMO,Bank of Montreal,113.61,0.66958,$81.91B,4.18748,Canada,Financials,Banks,Yes (Option Chain)
SCCO,Southern Copper Corporation,100.105,1.56643,$81.70B,2.60608,United States of America,Materials,Metals & Mining,Yes (Option Chain)
NTES,NetEase Inc,129.795,1.30907,$81.23B,2.15564,China,Communication Services,Entertainment,Yes (Option Chain)
GD,General Dynamics Corp,305.1,1.40776,$81.11B,1.98544,United States of America,Industrials,Aerospace & Defense,Yes (Option Chain)
CI,The Cigna Group,302.9,1.81569,$81.02B,1.99162,United States of America,Health Care,Health Care Providers & Services,Yes (Option Chain)
AJG,Arthur J. Gallagher & Co.,315.4,1.47143,$79.79B,0.83456,United States of America,Financials,Insurance,Yes (Option Chain)
EMR,Emerson Electric Co.,139.795,3.23029,$78.81B,1.50607,United States of America,Industrials,Electrical Equipment,Yes (Option Chain)
ORLY,O'Reilly Automotive Inc,93.12,6.1261,$78.71B,,United States of America,Consumer Discretionary,Specialty Retail,Yes (Option Chain)
GSK,GSK plc,38.41,5.33779,$78.20B,4.2112,United Kingdom,Health Care,Pharmaceuticals,Yes (Option Chain)
PNC,The PNC Financial Services Group Inc,197.02,2.5614,$77.93B,3.45143,United States of America,Financials,Banks,Yes (Option Chain)
MAR,Marriott International Inc,282.945,1.82321,$77.14B,0.95154,United States of America,Consumer Discretionary,"Hotels, Restaurants & Leisure",Yes (Option Chain)
ELV,Elevance Health Inc,338.91,1.79644,$76.97B,2.00781,United States of America,Health Care,Health Care Providers & Services,No
AON,Aon plc,358.68,1.40615,$76.80B,0.83786,Ireland,Financials,Insurance,Yes (Option Chain)
RIO,Rio Tinto Group,59.745,3.43213,$76.62B,6.57938,United Kingdom,Materials,Metals & Mining,Yes (Option Chain)
ITW,Illinois Tool Works Inc.,257.7,1.16661,$76.09B,2.31036,United States of America,Industrials,Machinery,Yes (Option Chain)
CP,Canadian Pacific Kansas City Ltd,81.29,3.32798,$76.02B,0.81587,Canada,Industrials,Ground Transportation,Yes (Option Chain)
FTNT,Fortinet Inc,102.52,4.96766,$75.82B,,United States of America,Information Technology,Software,Yes (Option Chain)
ECL,Ecolab Inc.,268.075,1.38136,$75.69B,0.97393,United States of America,Materials,Chemicals,Yes (Option Chain)
CMG,Chipotle Mexican Grill Inc,54.72,13.49532,$75.45B,,United States of America,Consumer Discretionary,"Hotels, Restaurants & Leisure",Yes (Option Chain)
INFY,Infosys Ltd,17.975,12.19573,$75.39B,2.77797,India,Information Technology,IT Services,Yes (Option Chain)
RSG,Republic Services Inc.,243.95,1.40145,$75.38B,0.96182,United States of America,Industrials,Commercial Services & Supplies,Yes (Option Chain)
NOC,Northrop Grumman Corp,521.295,1.05224,$74.07B,1.79557,United States of America,Industrials,Aerospace & Defense,Yes (Option Chain)
EQIX,Equinix Inc,759.05,0.70386,$74.02B,2.47919,United States of America,Real Estate,Specialized REITs,Yes (Option Chain)
CVNA,Carvana Co,346.865,4.49192,$73.59B,,United States of America,Consumer Discretionary,Specialty Retail,Yes (Option Chain)
USB,U.S. Bancorp,47.01,11.40667,$73.45B,4.24268,United States of America,Financials,Banks,Yes (Option Chain)
EQNR,Equinor ASA,26.38,4.03517,$73.44B,9.11439,Norway,Energy,"Oil, Gas & Consumable Fuels",Yes (Option Chain)
CL,Colgate-Palmolive Co,88.99,5.55733,$72.60B,2.32195,United States of America,Consumer Staples,Household Products,Yes (Option Chain)
HWM,Howmet Aerospace Inc,184.57,3.23463,$72.53B,0.22262,United States of America,Industrials,Aerospace & Defense,Yes (Option Chain)
RBLX,Roblox Corp,111.66,8.23417,$71.69B,,United States of America,Communication Services,Entertainment,No
WMB,Williams Cos Inc. (The),58.9683,8.07012,$71.09B,3.43525,United States of America,Energy,"Oil, Gas & Consumable Fuels",Yes (Option Chain)
SNOW,Snowflake Inc,213.05,5.01121,$70.35B,,United States of America,Information Technology,IT Services,Yes (Option Chain)
JCI,Johnson Controls International Plc,106.155,4.71219,$69.65B,1.39821,Ireland,Industrials,Building Products,Yes (Option Chain)
MSI,Motorola Solutions Inc,413.545,0.93291,$69.44B,1.048,United States of America,Information Technology,Communications Equipment,Yes (Option Chain)
PYPL,PayPal Holdings Inc,73.8783,10.57558,$69.40B,,United States of America,Financials,Financial Services,Yes (Option Chain)
ING,ING Groep NV,22.59,2.79722,$69.36B,5.93099,Netherlands,Financials,Banks,Yes (Option Chain)
EPD,Enterprise Products Partners LP,31.73,4.7496,$69.06B,6.836,United States of America,Energy,"Oil, Gas & Consumable Fuels",Yes (Option Chain)
ZTS,Zoetis Inc,156.02,2.9046,$68.99B,1.29066,United States of America,Health Care,Pharmaceuticals,Yes (Option Chain)
NGG,National Grid plc,71.07,0.98064,$68.81B,4.37968,United Kingdom,Utilities,Multi-Utilities,Yes (Option Chain)
MFG,Mizuho Financial Group Inc,5.4917,3.42459,$68.72B,3.45409,Japan,Financials,Banks,Yes (Option Chain)
CM,Canadian Imperial Bank of Commerce,72.335,1.23986,$68.70B,3.88099,Canada,Financials,Banks,Yes (Option Chain)
BNS,The Bank of Nova Scotia,54.52,2.17567,$67.82B,5.93633,Canada,Financials,Banks,Yes (Option Chain)
EOG,EOG Resources Inc.,122.495,4.07816,$67.15B,3.31599,United States of America,Energy,"Oil, Gas & Consumable Fuels",Yes (Option Chain)
CNQ,Canadian Natural Resources Ltd,31.775,6.91202,$67.15B,5.38914,Canada,Energy,"Oil, Gas & Consumable Fuels",Yes (Option Chain)
BK,Bank of New York Mellon Corp (The),94.9983,4.2982,$67.05B,2.00598,United States of America,Financials,Capital Markets,Yes (Option Chain)
NEM,Newmont Corporation,60.7883,12.82728,$66.92B,1.66306,United States of America,Materials,Metals & Mining,Yes (Option Chain)
VST,Vistra Corp,194.2832,6.79097,$66.71B,0.45249,United States of America,Utilities,Independent Power & Renewable Electricity Producers,Yes (Option Chain)
FCX,Freeport-McMoRan Inc,45.555,16.42668,$66.58B,1.29422,United States of America,Materials,Metals & Mining,Yes (Option Chain)
CNI,Canadian National Railway Co,104.05,1.43911,$66.12B,2.46325,Canada,Industrials,Ground Transportation,Yes (Option Chain)
HLT,Hilton Worldwide Holdings Inc,278.84,2.32289,$65.92B,0.21636,United States of America,Consumer Discretionary,"Hotels, Restaurants & Leisure",Yes (Option Chain)
CARR,Carrier Global Corp,76.565,5.07637,$65.69B,1.17463,United States of America,Industrials,Building Products,Yes (Option Chain)
BCS,Barclays PLC,18.6017,15.40472,$65.08B,2.37826,United Kingdom,Financials,Banks,Yes (Option Chain)
APD,Air Products and Chemicals Inc.,290.97,1.26413,$64.98B,2.45231,United States of America,Materials,Chemicals,Yes (Option Chain)
CRH,CRH PLC,94.8529,6.43206,$64.11B,1.55397,Ireland,Materials,Construction Materials,Yes (Option Chain)
CSX,CSX Corp,34.095,15.71881,$64.06B,1.52493,United States of America,Industrials,Ground Transportation,Yes (Option Chain)
NET,Cloudflare Inc,182.2409,3.64351,$62.87B,,United States of America,Information Technology,IT Services,Yes (Option Chain)
MRVL,Marvell Technology Inc,72.395,21.17682,$62.69B,0.33008,United States of America,Information Technology,Semiconductors & Semiconductor Equipment,Yes (Option Chain)
AZO,AutoZone Inc,3771.345,0.14889,$61.99B,,United States of America,Consumer Discretionary,Specialty Retail,Yes (Option Chain)
KMI,Kinder Morgan Inc.,28.275,13.3962,$61.86B,4.20259,United States of America,Energy,"Oil, Gas & Consumable Fuels",Yes (Option Chain)
NU,Nu Holdings Ltd,13.08,61.52927,$61.82B,,Brazil,Financials,Banks,No
LYG,Lloyds Banking Group PLC,4.13,25.85978,$61.42B,4.08685,United Kingdom,Financials,Banks,Yes (Option Chain)
CRWV,CoreWeave Inc,132.6714,,$61.42B,,United States of America,Information Technology,IT Services,No
REGN,Regeneron Pharmaceuticals Inc,571.31,1.23914,$61.30B,0.62,United States of America,Health Care,Biotechnology,Yes (Option Chain)
AEM,Agnico Eagle Mines Ltd,119.57,3.37448,$60.27B,1.33467,Canada,Materials,Metals & Mining,Yes (Option Chain)
NSC,Norfolk Southern Corp,262.605,1.33074,$60.10B,2.02573,United States of America,Industrials,Ground Transportation,Yes (Option Chain)
ADSK,Autodesk Inc,294.9,1.64243,$60.00B,,United States of America,Information Technology,Software,Yes (Option Chain)
ET,Energy Transfer LP,17.505,15.45701,$59.92B,7.50286,United States of America,Energy,"Oil, Gas & Consumable Fuels",Yes (Option Chain)
WDAY,Workday Inc,225.03,2.25328,$59.64B,,United States of America,Information Technology,Software,Yes (Option Chain)
TFC,Truist Financial Corp,45.555,9.46905,$59.49B,4.57847,United States of America,Financials,Banks,Yes (Option Chain)
ROP,Roper Technologies Inc,546.51,0.59616,$58.86B,0.60278,United States of America,Information Technology,Software,Yes (Option Chain)
ARES,Ares Management Corp,180.805,1.91375,$57.93B,2.52579,United States of America,Financials,Capital Markets,Yes (Option Chain)
NXPI,NXP Semiconductors NV,223.88,3.06814,$57.83B,1.7718,Netherlands,Information Technology,Semiconductors & Semiconductor Equipment,Yes (Option Chain)
TRV,Travelers Companies Inc (The),254.88,1.33567,$57.66B,1.72902,United States of America,Financials,Insurance,Yes (Option Chain)
DEO,Diageo PLC,101.73,1.01947,$57.61B,3.9973,United Kingdom,Consumer Staples,Beverages,Yes (Option Chain)
MNST,Monster Beverage Corp,59.585,5.92873,$57.37B,,United States of America,Consumer Staples,Beverages,Yes (Option Chain)
COR,Cencora Inc,296.645,1.70587,$57.22B,0.74523,United States of America,Health Care,Health Care Providers & Services,Yes (Option Chain)
PWR,Quanta Services Inc.,387.475,1.34339,$56.88B,0.10423,United States of America,Industrials,Construction & Engineering,Yes (Option Chain)
AXON,Axon Enterprise Inc,750.835,0.6537,$56.80B,,United States of America,Industrials,Aerospace & Defense,Yes (Option Chain)
DLR,Digital Realty Trust Inc,170.82,2.1081,$56.74B,2.89666,United States of America,Real Estate,Specialized REITs,Yes (Option Chain)
FDX,FedEx Corp.,234.215,2.17645,$56.56B,2.457,United States of America,Industrials,Air Freight & Logistics,Yes (Option Chain)
AEP,American Electric Power Co Inc,105.0383,3.7292,$56.25B,3.53142,United States of America,Utilities,Electric Utilities,Yes (Option Chain)
MPC,Marathon Petroleum Corp,175.3801,2.80668,$55.26B,2.0238,United States of America,Energy,"Oil, Gas & Consumable Fuels",Yes (Option Chain)
AFL,Aflac Incorporated,102.54,2.22001,$54.91B,2.28414,United States of America,Financials,Insurance,Yes (Option Chain)
CPNG,Coupang Inc,30.695,9.62697,$54.61B,,United States of America,Consumer Discretionary,Broadline Retail,No
CHTR,Charter Communications Inc,399.355,1.36409,$54.17B,,United States of America,Communication Services,Media,Yes (Option Chain)
NWG,NatWest Group plc,13.365,5.31683,$53.74B,4.17473,United Kingdom,Financials,Banks,Yes (Option Chain)
PSX,Phillips 66,128.69,3.4812,$53.66B,3.64437,United States of America,Energy,"Oil, Gas & Consumable Fuels",Yes (Option Chain)
AMX,America Movil SAB de CV,17.385,2.6119,$52.99B,2.90828,Mexico,Communication Services,Wireless Telecommunication Services,Yes (Option Chain)
URI,United Rentals Inc.,808.4,0.64406,$52.93B,0.8793,United States of America,Industrials,Trading Companies & Distributors,Yes (Option Chain)
SPG,Simon Property Group Inc,162.1087,1.80498,$52.80B,5.1932,United States of America,Real Estate,Retail REITs,Yes (Option Chain)
TEL,TE Connectivity plc,176.065,1.86933,$52.52B,1.60352,Ireland,Information Technology,"Electronic Equipment, Instruments & Components",Yes (Option Chain)
LNG,Cheniere Energy Inc,241.49,1.99149,$52.17B,0.85023,United States of America,Energy,"Oil, Gas & Consumable Fuels",Yes (Option Chain)
MET,MetLife Inc,77.72,3.37726,$52.16B,2.92149,United States of America,Financials,Insurance,Yes (Option Chain)
MFC,Manulife Financial Corp,30.475,2.37316,$52.06B,4.16615,Canada,Financials,Insurance,Yes (Option Chain)
MPLX,MPLX LP,50.9029,1.5982,$51.71B,7.55231,United States of America,Energy,"Oil, Gas & Consumable Fuels",Yes (Option Chain)
PAYX,Paychex Inc.,144.07,2.35663,$51.66B,3.01487,United States of America,Industrials,Professional Services,Yes (Option Chain)
O,Realty Income Corp,58.9049,5.85335,$51.62B,5.64731,United States of America,Real Estate,Retail REITs,Yes (Option Chain)
NDAQ,Nasdaq Inc,89.63,3.56645,$51.33B,1.20792,United States of America,Financials,Capital Markets,Yes (Option Chain)
GM,General Motors Co,53.295,12.93746,$51.33B,1.12381,United States of America,Consumer Discretionary,Automobiles,Yes (Option Chain)
ALL,The Allstate Corporation,195.84,1.74048,$51.20B,2.069,United States of America,Financials,Insurance,Yes (Option Chain)
FLUT,Flutter Entertainment PLC,295.38,2.76023,$51.10B,,United States of America,Consumer Discretionary,"Hotels, Restaurants & Leisure",No
AMP,Ameriprise Financial Inc,539.04,0.51659,$51.07B,1.19334,United States of America,Financials,Capital Markets,Yes (Option Chain)
PCAR,PACCAR Inc,95.89,3.02672,$51.03B,1.35789,United States of America,Industrials,Machinery,Yes (Option Chain)
E,Eni SpA,33.14,0.34099,$50.93B,6.53811,Italy,Energy,"Oil, Gas & Consumable Fuels",Yes (Option Chain)
GWW,Grainger (W.W.) Inc,1056.58,0.26354,$50.90B,0.85324,United States of America,Industrials,Trading Companies & Distributors,Yes (Option Chain)
OKE,ONEOK Inc,81.41,4.03558,$50.81B,5.06516,United States of America,Energy,"Oil, Gas & Consumable Fuels",Yes (Option Chain)
SLB,Schlumberger Ltd,36.145,17.00985,$50.75B,3.05548,United States of America,Energy,Energy Equipment & Services,Yes (Option Chain)
PSA,Public Storage,288.16,0.84581,$50.72B,4.15038,United States of America,Real Estate,Specialized REITs,Yes (Option Chain)
BDX,Becton Dickinson and Co,176.6429,2.81253,$50.43B,2.36404,United States of America,Health Care,Health Care Equipment & Supplies,Yes (Option Chain)
CTVA,Corteva Inc,73.155,3.85224,$50.19B,0.92429,United States of America,Materials,Chemicals,Yes (Option Chain)
FAST,Fastenal Co,45.1299,6.80741,$49.63B,2.03374,United States of America,Industrials,Trading Companies & Distributors,Yes (Option Chain)
TRP,TC Energy Corp,48.32,2.66914,$49.18B,5.28284,Canada,Energy,"Oil, Gas & Consumable Fuels",Yes (Option Chain)
TEAM,Atlassian Corp,191.49,2.48932,$49.09B,,Australia,Information Technology,Software,Yes (Option Chain)
SU,Suncor Energy Inc.,39.8295,5.15376,$49.03B,4.15673,Canada,Energy,"Oil, Gas & Consumable Fuels",Yes (Option Chain)
D,Dominion Energy Inc,57.14,5.77179,$48.91B,4.65238,United States of America,Utilities,Multi-Utilities,Yes (Option Chain)
SRE,Sempra,74.565,4.46616,$48.63B,3.4603,United States of America,Utilities,Multi-Utilities,Yes (Option Chain)
LHX,L3Harris Technologies Inc,262.58,1.50087,$48.52B,1.84935,United States of America,Industrials,Aerospace & Defense,Yes (Option Chain)
VLO,Valero Energy Corp,148.88,3.5181,$47.94B,2.95328,United States of America,Energy,"Oil, Gas & Consumable Fuels",Yes (Option Chain)
PBR,Petroleo Brasileiro S.A.- Petrobras,12.57,23.6744,$47.70B,17.9192,Brazil,Energy,"Oil, Gas & Consumable Fuels",Yes (Option Chain)
DDOG,Datadog Inc,138.58,6.29915,$47.44B,,United States of America,Information Technology,Software,Yes (Option Chain)
HES,Hess Corp,149.12,2.09772,$47.39B,1.30531,United States of America,Energy,"Oil, Gas & Consumable Fuels",Yes (Option Chain)
WCN,Waste Connections Inc.,184.395,1.18163,$47.38B,0.6871,Canada,Industrials,Commercial Services & Supplies,Yes (Option Chain)
TGT,Target Corp,104.6429,7.9657,$47.36B,4.37452,United States of America,Consumer Staples,Consumer Staples Distribution & Retail,Yes (Option Chain)
AIG,American International Group Inc,81.5547,4.70378,$47.13B,2.20103,United States of America,Financials,Insurance,Yes (Option Chain)
VRT,Vertiv Holdings Co,124.5494,9.06479,$46.99B,0.12165,United States of America,Industrials,Electrical Equipment,Yes (Option Chain)
F,Ford Motor Co,11.85,118.80824,$46.84B,5.09338,United States of America,Consumer Discretionary,Automobiles,Yes (Option Chain)
KR,Kroger Co. (The),72.3617,7.99391,$46.66B,1.98356,United States of America,Consumer Staples,Consumer Staples Distribution & Retail,Yes (Option Chain)
CMI,Cummins Inc.,340.04,0.87683,$46.66B,2.14863,United States of America,Industrials,Machinery,Yes (Option Chain)
TAK,Takeda Pharmaceutical Co Ltd,15.0583,2.1145,$46.36B,4.53058,Japan,Health Care,Pharmaceuticals,Yes (Option Chain)
CPRT,Copart Inc,47.095,6.14893,$45.89B,,United States of America,Industrials,Commercial Services & Supplies,Yes (Option Chain)
EW,Edwards Lifesciences Corp,78.13,4.48164,$45.78B,,United States of America,Health Care,Health Care Equipment & Supplies,Yes (Option Chain)
OXY,Occidental Petroleum Corp,45.045,12.7231,$45.58B,2.07299,United States of America,Energy,"Oil, Gas & Consumable Fuels",Yes (Option Chain)
KDP,Keurig Dr Pepper Inc,33.145,12.71084,$45.49B,2.74709,United States of America,Consumer Staples,Beverages,Yes (Option Chain)
ZS,Zscaler Inc,290.48,2.65206,$45.11B,,United States of America,Information Technology,Software,Yes (Option Chain)
VEEV,Veeva Systems Inc,281.83,1.46851,$45.08B,,United States of America,Health Care,Health Care Technology,Yes (Option Chain)
JD,JD.com Inc,30.76,13.06429,$45.08B,3.21543,China,Consumer Discretionary,Broadline Retail,Yes (Option Chain)
CCI,Crown Castle Inc,103.0929,3.41425,$44.75B,4.13585,United States of America,Real Estate,Specialized REITs,Yes (Option Chain)
HLN,Haleon plc,9.915,14.75065,$44.74B,1.78024,United Kingdom,Health Care,Pharmaceuticals,No
GLW,Corning Inc,53.065,5.69453,$44.19B,2.17054,United States of America,Information Technology,"Electronic Equipment, Instruments & Components",Yes (Option Chain)
EXC,Exelon Corp,43.395,7.77383,$43.92B,3.67732,United States of America,Utilities,Electric Utilities,Yes (Option Chain)
MSCI,MSCI Inc,571.32,0.5385,$43.76B,1.27307,United States of America,Financials,Capital Markets,Yes (Option Chain)
CCEP,Coca-Cola Europacific Partners PLC,95.35,2.43537,$43.67B,2.34506,United Kingdom,Consumer Staples,Beverages,Yes (Option Chain)
FERG,Ferguson Enterprises Inc,219.705,1.97267,$43.50B,1.50505,United States of America,Industrials,Trading Companies & Distributors,No
VALE,Vale SA,9.915,36.25164,$43.29B,9.91586,Brazil,Materials,Metals & Mining,Yes (Option Chain)
ALC,Alcon Inc,87.37,1.66023,$43.27B,0.38009,Switzerland,Health Care,Health Care Equipment & Supplies,Yes (Option Chain)
VG,Venture Global Inc,16.805,7.31704,$43.27B,0.36913,United States of America,Energy,"Oil, Gas & Consumable Fuels",Yes (Option Chain)
KMB,Kimberly-Clark Corporation,127.24,2.34638,$42.93B,3.8955,United States of America,Consumer Staples,Household Products,Yes (Option Chain)
ROST,Ross Stores Inc,130.9406,3.53135,$42.90B,1.23504,United States of America,Consumer Discretionary,Specialty Retail,Yes (Option Chain)
IDXX,IDEXX Laboratories Inc,530.8687,0.73078,$42.89B,,United States of America,Health Care,Health Care Equipment & Supplies,Yes (Option Chain)
TTWO,Take-Two Interactive Software Inc,238.775,2.18241,$42.72B,,United States of America,Communication Services,Entertainment,Yes (Option Chain)
FANG,Diamondback Energy Inc,141.57,2.6213,$42.17B,3.63057,United States of America,Energy,"Oil, Gas & Consumable Fuels",Yes (Option Chain)
VRSK,Verisk Analytics Inc,305.54,0.90698,$42.04B,0.59898,United States of America,Industrials,Professional Services,Yes (Option Chain)
DHI,D.R. Horton Inc,136.01,3.64237,$42.03B,1.16942,United States of America,Consumer Discretionary,Household Durables,Yes (Option Chain)
IMO,Imperial Oil Ltd,82.94,0.4383,$42.01B,2.55119,Canada,Energy,"Oil, Gas & Consumable Fuels",Yes (Option Chain)
CBRE,CBRE Group Inc,141.15,1.85725,$41.88B,,United States of America,Real Estate,Real Estate Management & Development,Yes (Option Chain)
HMC,Honda Motor Co Ltd,31.0583,1.01312,$41.82B,4.5092,Japan,Consumer Discretionary,Automobiles,Yes (Option Chain)
AME,AMETEK Inc,178.21,1.39196,$41.78B,0.6852,United States of America,Industrials,Electrical Equipment,Yes (Option Chain)
CRCL,Circle Internet Group Inc,200.98,,$41.69B,,United States of America,Information Technology,Software,No
YUM,YUM Brands Inc,147.47,2.15774,$41.64B,1.89599,United States of America,Consumer Discretionary,"Hotels, Restaurants & Leisure",Yes (Option Chain)
GRMN,Garmin Ltd,216.79,1.00751,$41.57B,1.66728,Switzerland,Consumer Discretionary,Household Durables,Yes (Option Chain)
FIS,Fidelity National Information Services Inc,79.33,3.76247,$41.32B,2.03433,United States of America,Financials,Financial Services,Yes (Option Chain)
WPM,Wheaton Precious Metals Corp,91.395,2.00202,$41.31B,0.72512,Canada,Materials,Metals & Mining,Yes (Option Chain)
PEG,Public Service Enterprise Group Inc,82.915,3.11518,$41.19B,3.0527,United States of America,Utilities,Multi-Utilities,Yes (Option Chain)
ALNY,Alnylam Pharmaceuticals Inc,315.86,0.97261,$41.06B,,United States of America,Health Care,Biotechnology,Yes (Option Chain)
KVUE,Kenvue Inc,21.855,18.12368,$40.97B,3.84255,United States of America,Consumer Staples,Personal Care Products,No
TCOM,Trip com Group Ltd,61.595,3.609,$40.47B,0.4845,Singapore,Consumer Discretionary,"Hotels, Restaurants & Leisure",Yes (Option Chain)
BKR,Baker Hughes a GE Co,39.85,8.10684,$40.32B,2.26044,United States of America,Energy,Energy Equipment & Services,Yes (Option Chain)
MCHP,Microchip Technology Inc,73.9417,11.02386,$40.24B,2.44099,United States of America,Information Technology,Semiconductors & Semiconductor Equipment,Yes (Option Chain)
XYZ,Block Inc,68.53,9.42567,$40.06B,,United States of America,Financials,Financial Services,No
XEL,Xcel Energy Inc.,69.095,3.74415,$39.58B,3.32265,United States of America,Utilities,Electric Utilities,Yes (Option Chain)
OTIS,Otis Worldwide Corp,100.11,2.69542,$39.27B,1.68861,United States of America,Industrials,Machinery,Yes (Option Chain)
ROK,Rockwell Automation Inc.,343.48,0.97529,$38.67B,1.52739,United States of America,Industrials,Electrical Equipment,Yes (Option Chain)
FER,FERROVIAL SE,52.41,0.13761,$38.57B,1.75043,Netherlands,Industrials,Construction & Engineering,No
CAH,Cardinal Health Inc,161.345,2.49014,$38.42B,1.26906,United States of America,Health Care,Health Care Providers & Services,Yes (Option Chain)
FICO,Fair Isaac Corporation,1547.47,0.2626,$37.59B,,United States of America,Information Technology,Software,Yes (Option Chain)
PRU,Prudential Financial Inc,105.4029,1.82307,$37.50B,5.09722,United States of America,Financials,Insurance,Yes (Option Chain)
EA,Electronic Arts Inc,149.185,3.20539,$37.36B,0.51113,United States of America,Communication Services,Entertainment,Yes (Option Chain)
RMD,Resmed Inc,254.32,0.98587,$37.30B,0.83333,United States of America,Health Care,Health Care Equipment & Supplies,Yes (Option Chain)
TRGP,Targa Resources Corp,172.64,2.11379,$37.29B,2.32693,United States of America,Energy,"Oil, Gas & Consumable Fuels",Yes (Option Chain)
SYY,Sysco Corporation,77.61,3.17486,$37.25B,2.81104,United States of America,Consumer Staples,Consumer Staples Distribution & Retail,Yes (Option Chain)
CTSH,Cognizant Technology Solutions Corp,75.27,3.89257,$37.15B,1.64544,United States of America,Information Technology,IT Services,Yes (Option Chain)
TTD,Trade Desk Inc (The),75.36,9.77475,$37.04B,,United States of America,Communication Services,Media,Yes (Option Chain)
DAL,Delta Air Lines Inc,58.16,12.61063,$36.99B,1.32392,United States of America,Industrials,Passenger Airlines,Yes (Option Chain)
ABEV,Ambev SA,2.335,31.88677,$36.77B,6.57264,Brazil,Consumer Staples,Beverages,Yes (Option Chain)
B,Barrick Mining Corporation,21.245,19.75185,$36.65B,1.88501,Canada,Materials,Metals & Mining,Yes (Option Chain)
WAB,Westinghouse Air Brake Technologies Corp,212.79,0.98058,$36.56B,0.46803,United States of America,Industrials,Machinery,Yes (Option Chain)
ETR,Entergy corporation,82.61,3.64185,$36.49B,2.93578,United States of America,Utilities,Electric Utilities,Yes (Option Chain)
ED,Consolidated Edison Inc.,100.96,2.95555,$36.24B,3.38006,United States of America,Utilities,Multi-Utilities,Yes (Option Chain)
CSGP,CoStar Group Inc,85.51,3.27306,$36.04B,,United States of America,Real Estate,Real Estate Management & Development,Yes (Option Chain)
IR,Ingersoll Rand Inc,87.63,3.04974,$35.92B,0.08987,United States of America,Industrials,Machinery,Yes (Option Chain)
EBAY,eBay Inc.,77.63,5.68899,$35.55B,1.50434,United States of America,Consumer Discretionary,Broadline Retail,Yes (Option Chain)
VMC,Vulcan Materials Co,269.365,1.19985,$35.54B,0.72862,United States of America,Materials,Construction Materials,Yes (Option Chain)
ODFL,Old Dominion Freight Line Inc,165.51,1.87243,$35.45B,0.66774,United States of America,Industrials,Ground Transportation,Yes (Option Chain)
VICI,VICI Properties Inc,33.5917,7.02643,$35.32B,5.17654,United States of America,Real Estate,Specialized REITs,Yes (Option Chain)
MPWR,Monolithic Power Systems Inc,716.675,0.81824,$35.24B,0.84776,United States of America,Information Technology,Semiconductors & Semiconductor Equipment,Yes (Option Chain)
BRO,Brown & Brown Inc,107.84,2.73481,$35.21B,0.56206,United States of America,Financials,Insurance,Yes (Option Chain)
LVS,Las Vegas Sands Corp,50.22,5.86774,$35.20B,2.00763,United States of America,Consumer Discretionary,"Hotels, Restaurants & Leisure",Yes (Option Chain)
A,Agilent Technologies Inc,120.01,2.17032,$35.02B,0.80467,United States of America,Health Care,Life Sciences Tools & Services,Yes (Option Chain)
SLF,Sun Life Financial Inc,62.75,0.59792,$35.00B,4.09661,Canada,Financials,Insurance,Yes (Option Chain)
CHT,Chunghwa Telecom Co Ltd,44.52,0.14303,$34.54B,3.74904,Taiwan,Communication Services,Diversified Telecommunication Services,Yes (Option Chain)
EQT,EQT Corp,58.1283,8.05997,$34.52B,1.13862,United States of America,Energy,"Oil, Gas & Consumable Fuels",Yes (Option Chain)
GEHC,GE HealthCare Technologies Inc,74.23,4.55212,$34.40B,0.18634,United States of America,Health Care,Health Care Equipment & Supplies,No
HIG,Hartford Insurance Group Inc (The),122.81,1.63849,$34.36B,1.71986,United States of America,Financials,Insurance,Yes (Option Chain)
ARGX,argenx SE,563.36,0.40714,$34.17B,,Netherlands,Health Care,Biotechnology,Yes (Option Chain)
TKO,TKO Group Holdings Inc,174.765,1.41717,$34.04B,0.88372,United States of America,Communication Services,Entertainment,No
MLM,Martin Marietta Materials Inc,563.62,0.49992,$33.88B,0.56228,United States of America,Materials,Construction Materials,Yes (Option Chain)
WEC,WEC Energy Group Inc,105.71,2.26866,$33.67B,3.38357,United States of America,Utilities,Multi-Utilities,Yes (Option Chain)
ITUB,Itau Unibanco Holding SA,6.245,28.83312,$33.58B,5.86127,Brazil,Financials,Banks,Yes (Option Chain)
CCL,Carnival Corporation & Plc,29.285,27.24937,$33.46B,,United States of America,Consumer Discretionary,"Hotels, Restaurants & Leisure",Yes (Option Chain)
HSY,Hershey Co (The),165.07,1.74639,$33.38B,3.32605,United States of America,Consumer Staples,Food Products,Yes (Option Chain)
LYV,Live Nation Entertainment Inc,148.295,2.74597,$33.36B,,United States of America,Communication Services,Entertainment,Yes (Option Chain)
ANSS,ANSYS Inc,385.38,0.67088,$32.93B,,United States of America,Information Technology,Software,Yes (Option Chain)
ACGL,Arch Capital Group Ltd,90.43,1.73967,$32.92B,,Bermuda,Financials,Insurance,Yes (Option Chain)
NUE,Nucor Corp,141.855,2.57953,$32.86B,1.54494,United States of America,Materials,Metals & Mining,Yes (Option Chain)
EL,Estee Lauder Cos Inc (The),89.7065,4.23276,$32.77B,1.53711,United States of America,Consumer Staples,Personal Care Products,Yes (Option Chain)
DXCM,DexCom Inc,85.035,4.09588,$32.69B,,United States of America,Health Care,Health Care Equipment & Supplies,Yes (Option Chain)
MTB,M&T Bank Corp,202.8,1.32862,$32.41B,2.67446,United States of America,Financials,Banks,Yes (Option Chain)
EFX,Equifax Inc.,260.59,1.03047,$32.13B,0.77322,United States of America,Industrials,Professional Services,Yes (Option Chain)
KHC,The Kraft Heinz Co,27.685,12.84402,$32.12B,5.89536,United States of America,Consumer Staples,Food Products,Yes (Option Chain)
PBR/A,Petroleo Brasileiro S.A.- Petrobras,11.515,6.38963,$31.97B,16.38201,Brazil,Energy,"Oil, Gas & Consumable Fuels",Yes (Option Chain)
RJF,Raymond James Financial Inc.,159.01,1.38482,$31.96B,1.26263,United States of America,Financials,Capital Markets,Yes (Option Chain)
PUK,Prudential PLC,25.0783,1.00353,$31.91B,1.87212,Hong Kong,Financials,Insurance,Yes (Option Chain)
EXR,Extra Space Storage Inc,150.5,1.10075,$31.88B,4.3131,United States of America,Real Estate,Specialized REITs,Yes (Option Chain)
XYL,Xylem Inc,130.96,1.61483,$31.87B,1.22184,United States of America,Industrials,Machinery,Yes (Option Chain)
CCJ,Cameco Corp,74.905,4.88616,$31.65B,0.15687,Canada,Energy,"Oil, Gas & Consumable Fuels",Yes (Option Chain)
STT,State Street Corporation,109.7,2.1167,$31.62B,2.77474,United States of America,Financials,Capital Markets,Yes (Option Chain)
DD,DuPont  De Nemours Inc,74.79,3.0916,$31.59B,2.17247,United States of America,Materials,Chemicals,Yes (Option Chain)
STX,Seagate Technology Holdings plc,148.97,4.34583,$31.23B,1.95679,Singapore,Information Technology,"Technology Hardware, Storage & Peripherals",Yes (Option Chain)
KB,KB Financial Group Inc,85.7994,0.201,$31.17B,2.78953,South Korea,Financials,Banks,Yes (Option Chain)
FNV,Franco-Nevada Corp,158.21,0.95533,$30.74B,0.95226,Canada,Materials,Metals & Mining,Yes (Option Chain)
TME,Tencent Music Entertainment Group,20.74,7.54259,$30.65B,0.90955,China,Communication Services,Entertainment,Yes (Option Chain)
RYAAY,Ryanair Holdings PLC,57.48,1.61395,$30.50B,2.53096,Ireland,Industrials,Passenger Airlines,Yes (Option Chain)
WTW,Willis Towers Watson plc,309.25,0.6807,$30.47B,1.19745,United Kingdom,Financials,Insurance,No
WIT,Wipro Ltd,2.875,5.93072,$30.47B,2.36941,India,Information Technology,IT Services,Yes (Option Chain)
STZ,Constellation Brands Inc,164.38,2.31101,$30.36B,2.36948,United States of America,Consumer Staples,Beverages,Yes (Option Chain)
WDS,Woodside Energy Group Ltd,15.69,1.0307,$30.15B,7.68262,Australia,Energy,"Oil, Gas & Consumable Fuels",No
TSCO,Tractor Supply Co,57.92,5.72214,$30.11B,1.62,United States of America,Consumer Discretionary,Specialty Retail,Yes (Option Chain)
BIDU,Baidu Inc,85.89,3.95036,$29.88B,,China,Communication Services,Interactive Media & Services,Yes (Option Chain)
NTR,Nutrien Ltd,60.85,2.28546,$29.80B,3.57436,Canada,Materials,Chemicals,Yes (Option Chain)
LPLA,LPL Financial Holdings Inc,370.455,0.84098,$29.75B,0.32261,United States of America,Financials,Capital Markets,Yes (Option Chain)
LI,Li Auto Inc,28.63,5.19591,$29.61B,,China,Consumer Discretionary,Automobiles,Yes (Option Chain)
TEF,Telefonica SA,5.2109,0.71303,$29.54B,6.2985,Spain,Communication Services,Diversified Telecommunication Services,Yes (Option Chain)
PCG,PG&E Corp,13.3983,21.3015,$29.49B,0.74516,United States of America,Utilities,Electric Utilities,Yes (Option Chain)
NRG,NRG Energy Inc,151.14,3.2925,$29.46B,1.16804,United States of America,Utilities,Electric Utilities,Yes (Option Chain)
SMCI,Super Micro Computer Inc,49.52,50.33782,$29.39B,,United States of America,Information Technology,"Technology Hardware, Storage & Peripherals",Yes (Option Chain)
OWL,Blue Owl Capital Inc,19.175,8.50555,$29.27B,4.75939,United States of America,Financials,Capital Markets,No
VTR,Ventas Inc.,65.53,3.39361,$29.24B,2.96434,United States of America,Real Estate,Health Care REITs,Yes (Option Chain)
FITB,Fifth Third Bancorp,43.6017,5.08661,$29.21B,3.38208,United States of America,Financials,Banks,Yes (Option Chain)
TW,Tradeweb Markets Inc,136.45,1.2126,$29.03B,0.35276,United States of America,Financials,Capital Markets,Yes (Option Chain)
WBD,WARNER BROS DISCOVERY INC,12.025,46.74082,$29.02B,,United States of America,Communication Services,Entertainment,No
STLA,Stellantis NV,9.885,19.05543,$29.01B,7.64074,Netherlands,Consumer Discretionary,Automobiles,Yes (Option Chain)
IRM,Iron Mountain Inc,97.935,1.84107,$28.91B,3.20441,United States of America,Real Estate,Specialized REITs,Yes (Option Chain)
STM,STMicroelectronics NV,31.775,7.5264,$28.88B,1.11559,Netherlands,Information Technology,Semiconductors & Semiconductor Equipment,Yes (Option Chain)
IT,Gartner Inc,372.34,0.75201,$28.82B,,United States of America,Information Technology,IT Services,Yes (Option Chain)
RKT,Rocket Cos Inc,13.9899,13.364,$28.79B,,United States of America,Financials,Financial Services,Yes (Option Chain)
AVB,AvalonBay Communities Inc.,202.07,0.89206,$28.74B,3.46775,United States of America,Real Estate,Residential REITs,Yes (Option Chain)
UAL,United Airlines Holdings Inc,88.57,9.02753,$28.64B,,United States of America,Industrials,Passenger Airlines,Yes (Option Chain)
LULU,Lululemon Athletica Inc,228.91,2.92845,$28.34B,,Canada,Consumer Discretionary,"Textiles, Apparel & Luxury Goods",Yes (Option Chain)
KEYS,Keysight Technologies Inc,163.465,0.98018,$28.17B,,United States of America,Information Technology,"Electronic Equipment, Instruments & Components",Yes (Option Chain)
IQV,IQVIA Holdings Inc,159.93,2.18606,$28.16B,,United States of America,Health Care,Life Sciences Tools & Services,Yes (Option Chain)
FCNCA,First Citizens BancShares Inc,2152.6,0.09402,$28.14B,0.36834,United States of America,Financials,Banks,No
GIS,General Mills Inc.,50.86,5.99669,$27.98B,4.73052,United States of America,Consumer Staples,Food Products,Yes (Option Chain)
AMRZ,Amrize Ltd,50.485,,$27.86B,,Switzerland,Materials,Construction Materials,No
HUM,Humana Inc.,227.47,1.69,$27.84B,1.53466,United States of America,Health Care,Health Care Providers & Services,Yes (Option Chain)
DTE,DTE Energy Co,134.31,1.53927,$27.78B,3.25665,United States of America,Utilities,Multi-Utilities,Yes (Option Chain)
AWK,American Water Works Company Inc,143.305,1.45537,$27.75B,2.32624,United States of America,Utilities,Water Utilities,Yes (Option Chain)
SYM,Symbotic Inc,47.42,1.64146,$27.75B,,United States of America,Industrials,Machinery,No
IP,International Paper Company,52.035,4.98716,$27.67B,3.52986,United States of America,Materials,Containers & Packaging,Yes (Option Chain)
HUBS,HubSpot Inc,538.805,0.76861,$27.65B,,United States of America,Information Technology,Software,Yes (Option Chain)
BR,Broadridge Financial Solutions Inc,236.025,0.56043,$27.62B,1.49673,United States of America,Industrials,Professional Services,Yes (Option Chain)
K,Kellanova,79.6503,3.39507,$27.56B,2.87009,United States of America,Consumer Staples,Food Products,Yes (Option Chain)
ONC,BeOne Medicines Ltd,251.915,0.43133,$27.43B,,Switzerland,Health Care,Biotechnology,No
HPE,Hewlett Packard Enterprise Co,20.5983,22.19974,$27.19B,2.50965,United States of America,Information Technology,"Technology Hardware, Storage & Peripherals",Yes (Option Chain)
BNTX,BioNTech SE,110.855,1.08674,$27.14B,,Germany,Health Care,Biotechnology,Yes (Option Chain)
SYF,Synchrony Financial,70.805,4.41111,$26.88B,1.69948,United States of America,Financials,Consumer Finance,Yes (Option Chain)
RDDT,Reddit Inc,146.795,8.73817,$26.86B,,United States of America,Communication Services,Interactive Media & Services,No
NOK,Nokia OYJ,4.885,19.0928,$26.84B,2.82699,Finland,Information Technology,Communications Equipment,Yes (Option Chain)
ROL,Rollins Inc,55.7029,2.00148,$26.78B,1.19435,United States of America,Industrials,Commercial Services & Supplies,Yes (Option Chain)
PPG,PPG Industries Inc.,116.215,2.07948,$26.63B,2.31884,United States of America,Materials,Chemicals,Yes (Option Chain)
CVE,Cenovus Energy Inc,14.4,12.20971,$26.52B,4.0171,Canada,Energy,"Oil, Gas & Consumable Fuels",Yes (Option Chain)
MT,Arcelormittal,33.89,2.00322,$26.48B,1.59605,Luxembourg,Materials,Metals & Mining,Yes (Option Chain)
VRSN,VeriSign Inc,282.72,0.86051,$26.42B,1.09457,United States of America,Information Technology,IT Services,Yes (Option Chain)
VOD,Vodafone Group Public Limited Company,10.895,14.5823,$26.41B,4.4996,United Kingdom,Communication Services,Wireless Telecommunication Services,Yes (Option Chain)
ADM,Archer-Daniels-Midland Co,54.26,4.26331,$26.40B,3.71314,United States of America,Consumer Staples,Food Products,Yes (Option Chain)
CQP,Cheniere Energy Partners LP,55.055,0.17356,$26.17B,6.02922,United States of America,Energy,"Oil, Gas & Consumable Fuels",Yes (Option Chain)
WRB,Berkley (W.R.) Corp,69.3653,1.88275,$26.13B,0.52265,United States of America,Financials,Insurance,Yes (Option Chain)
AEE,Ameren Corporation,96.45,1.8223,$26.00B,2.95218,United States of America,Utilities,Multi-Utilities,Yes (Option Chain)
LEN,Lennar Corp,112.84,3.16517,$25.94B,1.755,United States of America,Consumer Discretionary,Household Durables,Yes (Option Chain)
DOV,Dover Corp,188.7432,1.12759,$25.90B,1.09029,United States of America,Industrials,Machinery,Yes (Option Chain)
IX,Orix Corp,22.6965,0.24526,$25.61B,3.60285,Japan,Financials,Financial Services,No
MTD,Mettler-Toledo International Inc,1194.71,0.19309,$25.44B,,United States of America,Health Care,Life Sciences Tools & Services,Yes (Option Chain)
EQR,Equity Residential,66.87,2.0082,$25.38B,4.14733,United States of America,Real Estate,Residential REITs,Yes (Option Chain)
HBAN,Huntington Bancshares Inc,17.035,24.79105,$25.34B,3.56527,United States of America,Financials,Banks,Yes (Option Chain)
PPL,PPL Corp,34.725,5.40309,$25.33B,3.18062,United States of America,Utilities,Electric Utilities,Yes (Option Chain)
VLTO,Veralto Corp,102.12,1.36495,$25.26B,0.43167,United States of America,Industrials,Commercial Services & Supplies,No
TU,TELUS Corp,16.38,3.31059,$25.12B,7.39164,Canada,Communication Services,Diversified Telecommunication Services,Yes (Option Chain)
EXE,Expand Energy Corporation,109.26,4.11755,$25.12B,2.17865,United States of America,Energy,"Oil, Gas & Consumable Fuels",No
TOST,Toast Inc,44.42,7.28368,$25.12B,,United States of America,Financials,Financial Services,No
MKL,Markel Group Inc,2009.23,0.05472,$25.08B,,United States of America,Financials,Insurance,Yes (Option Chain)
VIK,Viking Holdings Ltd,57.445,3.44042,$25.02B,,Bermuda,Consumer Discretionary,"Hotels, Restaurants & Leisure",No
ON,ON Semiconductor Corp,59.1,10.0995,$24.96B,,United States of America,Information Technology,Semiconductors & Semiconductor Equipment,Yes (Option Chain)
DG,Dollar General Corporation,114.3587,4.21996,$24.90B,2.08591,United States of America,Consumer Staples,Consumer Staples Distribution & Retail,Yes (Option Chain)
TDY,Teledyne Technologies Inc.,536.04,0.33121,$24.87B,,United States of America,Information Technology,"Electronic Equipment, Instruments & Components",Yes (Option Chain)
EME,EMCOR Group Inc.,557.66,0.5062,$24.81B,0.18043,United States of America,Industrials,Construction & Engineering,Yes (Option Chain)
ERIC,Telefonaktiebolaget LM Ericsson (publ),7.835,24.11311,$24.69B,3.20555,Sweden,Information Technology,Communications Equipment,Yes (Option Chain)
SW,Smurfit Westrock Plc,46.41,3.88627,$24.64B,3.65085,Ireland,Materials,Containers & Packaging,No
SBAC,SBA Communications Corp,232.55,0.90754,$24.59B,1.94056,United States of America,Real Estate,Specialized REITs,Yes (Option Chain)
DRI,Darden Restaurants Inc,209.36,1.49011,$24.50B,2.86615,United States of America,Consumer Discretionary,"Hotels, Restaurants & Leisure",Yes (Option Chain)
NTRS,Northern Trust Corp,126.52,1.82994,$24.49B,2.38265,United States of America,Financials,Capital Markets,Yes (Option Chain)
UI,Ubiquiti Inc,411.99,0.10329,$24.49B,0.59275,United States of America,Information Technology,Communications Equipment,Yes (Option Chain)
ATO,Atmos Energy Corp,155.67,1.0478,$24.49B,2.25696,United States of America,Utilities,Gas Utilities,Yes (Option Chain)
SHG,Shinhan Financial Group Co Ltd,51.24,0.2245,$24.44B,3.16489,South Korea,Financials,Banks,No
CHD,Church & Dwight Co Inc,97.001,2.20888,$24.15B,1.20347,United States of America,Consumer Staples,Household Products,Yes (Option Chain)
ES,Eversource Energy,65.275,2.68386,$24.14B,4.58073,United States of America,Utilities,Electric Utilities,Yes (Option Chain)
TPL,Texas Pacific Land Corp,1039.28,0.13583,$24.06B,0.6114,United States of America,Energy,"Oil, Gas & Consumable Fuels",No
PINS,Pinterest Inc,35.925,12.0752,$23.97B,,United States of America,Communication Services,Interactive Media & Services,Yes (Option Chain)
GDDY,GoDaddy Inc,169.705,1.51068,$23.92B,,United States of America,Information Technology,IT Services,Yes (Option Chain)
HPQ,HP Inc,24.7583,9.29678,$23.88B,4.55389,United States of America,Information Technology,"Technology Hardware, Storage & Peripherals",Yes (Option Chain)
JBL,Jabil Inc,220.58,1.50402,$23.83B,0.14413,United States of America,Information Technology,"Electronic Equipment, Instruments & Components",Yes (Option Chain)
TYL,Tyler Technologies Inc,561.805,0.29445,$23.80B,,United States of America,Information Technology,Software,Yes (Option Chain)
FTS,Fortis Inc,47.17,0.5864,$23.77B,3.73117,Canada,Utilities,Electric Utilities,Yes (Option Chain)
AU,AngloGold Ashanti plc,47.85,3.5604,$23.75B,1.06135,United States of America,Materials,Metals & Mining,Yes (Option Chain)
CNP,CenterPoint Energy Inc.,36.2,5.66376,$23.59B,2.43498,United States of America,Utilities,Multi-Utilities,Yes (Option Chain)

